id_lost,last_seen,id_gained,first_seen,confidence,action,gap_seconds
11_0,0:00.67,11_1,0:00.80,0.986,auto_accept,0.13
11_1,0:00.82,11_3,0:01.18,0.967,auto_accept,0.37
11_2,0:01.05,11_3,0:01.18,0.999,auto_accept,0.13
12_0,0:03.46,26_1,0:04.25,0.937,auto_accept,0.78
26_0,0:04.03,26_15,0:13.24,0.928,auto_accept,9.21
12_1,0:04.06,12_2,0:04.18,0.974,auto_accept,0.12
12_2,0:04.18,12_5,0:05.93,0.988,auto_accept,1.75
26_1,0:04.26,26_4,0:06.53,0.993,auto_accept,2.27
26_2,0:04.50,26_4,0:06.53,0.986,auto_accept,2.03
26_3,0:05.03,12_5,0:05.93,0.895,review,0.9
12_3,0:05.28,12_16,0:10.41,0.891,review,5.13
12_4,0:05.40,12_13,0:09.29,0.986,auto_accept,3.9
12_5,0:06.01,12_15,0:10.11,0.989,auto_accept,4.1
12_6,0:06.41,12_8,0:07.26,0.999,auto_accept,0.85
26_4,0:06.60,26_9,0:10.24,0.995,auto_accept,3.65
26_5,0:06.76,26_6,0:08.03,0.999,auto_accept,1.27
12_7,0:07.08,12_10,0:08.11,0.997,auto_accept,1.03
12_8,0:07.40,12_14,0:09.86,0.999,auto_accept,2.47
12_9,0:07.56,12_11,0:08.73,0.996,auto_accept,1.17
26_6,0:08.03,26_10,0:10.54,0.999,auto_accept,2.52
12_10,0:08.43,12_17,0:10.83,0.999,auto_accept,2.4
12_11,0:08.85,12_15,0:10.11,0.999,auto_accept,1.27
12_12,0:09.06,12_18,0:11.79,0.999,auto_accept,2.73
26_7,0:09.26,26_14,0:12.89,0.999,auto_accept,3.63
26_8,0:09.38,26_12,0:11.53,0.976,auto_accept,2.15
12_13,0:09.44,12_17,0:10.83,0.999,auto_accept,1.38
12_14,0:09.86,12_15,0:10.11,0.999,auto_accept,0.25
12_15,0:10.11,12_16,0:10.41,0.999,auto_accept,0.3
26_9,0:10.34,26_11,0:11.14,0.999,auto_accept,0.8
12_16,0:10.41,12_19,0:12.79,0.999,auto_accept,2.38
26_10,0:10.59,26_12,0:11.53,0.993,auto_accept,0.93
12_17,0:10.83,12_19,0:12.79,0.999,auto_accept,1.97
26_11,0:11.41,26_14,0:12.89,0.999,auto_accept,1.48
26_12,0:11.59,26_14,0:12.89,0.999,auto_accept,1.3
12_18,0:11.91,12_19,0:12.79,0.999,auto_accept,0.88
26_13,0:12.78,26_15,0:13.24,0.997,auto_accept,0.47
12_19,0:12.79,12_26,0:20.94,0.994,auto_accept,8.15
26_14,0:12.89,26_24,0:18.07,0.999,auto_accept,5.18
26_15,0:13.49,26_22,0:16.97,0.99,auto_accept,3.48
26_16,0:13.66,26_18,0:15.21,0.955,auto_accept,1.55
26_17,0:14.08,26_18,0:15.21,0.998,auto_accept,1.13
56_0,0:14.64,104_3,0:24.10,0.922,auto_accept,9.46
26_18,0:15.21,26_26,0:19.02,0.991,auto_accept,3.81
12_20,0:15.38,12_21,0:16.72,0.989,auto_accept,1.35
26_19,0:15.41,12_22,0:16.87,0.952,auto_accept,1.47
66_0,0:15.74,68_0,0:16.01,0.823,review,0.27
26_20,0:16.01,26_22,0:16.97,0.99,auto_accept,0.97
68_0,0:16.06,56_1,0:16.17,0.664,low_confidence,0.12
26_21,0:16.71,26_22,0:16.97,0.999,auto_accept,0.27
12_21,0:16.72,12_24,0:17.94,0.996,auto_accept,1.22
56_1,0:16.81,71_0,0:16.92,0.844,review,0.12
12_22,0:16.92,26_25,0:18.66,0.962,auto_accept,1.73
71_0,0:17.14,11_6,0:24.35,0.165,low_confidence,7.21
12_23,0:17.47,12_25,0:18.27,0.965,auto_accept,0.8
26_22,0:17.54,26_24,0:18.07,0.999,auto_accept,0.53
26_23,0:17.92,26_25,0:18.66,0.966,auto_accept,0.73
11_3,0:17.97,11_5,0:22.14,0.941,auto_accept,4.16
12_24,0:18.11,12_27,0:22.50,0.994,auto_accept,4.4
26_24,0:18.34,26_30,0:19.92,0.998,auto_accept,1.58
26_25,0:18.72,26_27,0:19.24,0.935,auto_accept,0.52
79_0,0:18.87,11_6,0:24.35,0.767,review,5.48
26_26,0:19.02,12_26,0:20.94,0.969,auto_accept,1.92
26_27,0:19.29,12_27,0:22.50,0.949,auto_accept,3.21
4_0,0:19.41,4_1,0:20.66,0.722,review,1.25
26_28,0:19.46,26_29,0:19.66,0.94,auto_accept,0.2
26_29,0:19.66,26_30,0:19.92,0.996,auto_accept,0.27
12_25,0:20.17,12_26,0:20.94,0.919,auto_accept,0.77
26_30,0:20.56,12_26,0:20.94,0.907,auto_accept,0.38
94_0,0:20.64,4_1,0:20.66,0.769,review,0.02
11_4,0:22.02,11_6,0:24.35,0.991,auto_accept,2.33
12_26,0:22.04,12_27,0:22.50,0.813,review,0.47
104_0,0:22.62,104_1,0:22.90,0.999,auto_accept,0.28
85_0,0:22.85,111_0,0:23.40,0.717,review,0.55
104_1,0:22.99,104_8,0:27.12,0.999,auto_accept,4.13
108_0,0:23.04,111_0,0:23.40,0.758,review,0.37
104_2,0:23.87,104_11,0:27.97,0.999,auto_accept,4.1
11_5,0:24.20,11_6,0:24.35,0.991,auto_accept,0.15
104_3,0:24.29,104_14,0:29.60,0.999,auto_accept,5.31
104_4,0:24.82,104_5,0:25.09,0.999,auto_accept,0.27
104_5,0:25.09,104_11,0:27.97,0.999,auto_accept,2.88
104_6,0:25.70,104_14,0:29.60,0.999,auto_accept,3.9
104_7,0:25.94,104_9,0:27.39,0.999,auto_accept,1.45
104_8,0:27.12,104_13,0:29.28,0.999,auto_accept,2.17
104_9,0:27.39,104_10,0:27.75,0.999,auto_accept,0.37
104_10,0:27.82,104_14,0:29.60,0.998,auto_accept,1.78
104_11,0:28.18,104_13,0:29.28,0.999,auto_accept,1.1
104_12,0:29.03,104_13,0:29.28,0.999,auto_accept,0.25
104_13,0:29.42,104_14,0:29.60,0.999,auto_accept,0.18
104_14,0:29.85,104_26,0:36.28,0.999,auto_accept,6.43
104_15,0:30.22,104_16,0:30.68,0.999,auto_accept,0.47
104_16,0:30.80,104_19,0:32.23,0.999,auto_accept,1.43
104_17,0:31.40,104_22,0:33.32,0.997,auto_accept,1.92
104_18,0:31.88,104_19,0:32.23,0.999,auto_accept,0.35
104_19,0:32.63,104_21,0:32.95,0.999,auto_accept,0.32
104_20,0:32.78,104_22,0:33.32,0.999,auto_accept,0.53
104_21,0:32.98,104_22,0:33.32,0.999,auto_accept,0.33
104_22,0:33.37,104_25,0:35.38,0.995,auto_accept,2.02
104_23,0:33.73,130_5,0:43.14,0.933,auto_accept,9.41
104_24,0:35.01,104_25,0:35.38,0.995,auto_accept,0.37
104_25,0:35.41,130_6,0:43.41,0.996,auto_accept,8.0
1_0,0:35.93,1_1,0:36.83,0.333,low_confidence,0.9
104_26,0:36.46,130_4,0:42.84,0.952,auto_accept,6.38
12_27,0:36.50,120_5,0:45.58,0.179,low_confidence,9.08
120_0,0:37.33,120_8,0:47.29,0.908,auto_accept,9.96
11_6,0:39.06,11_7,0:39.21,0.987,auto_accept,0.15
5_0,0:39.68,5_2,0:40.18,0.992,auto_accept,0.5
5_1,0:39.90,5_2,0:40.18,0.997,auto_accept,0.28
4_1,0:39.98,4_2,0:40.09,0.993,auto_accept,0.12
5_2,0:40.26,133_2,0:43.93,0.99,auto_accept,3.66
126_0,0:40.39,138_2,0:44.41,0.979,auto_accept,4.01
130_0,0:40.81,145_2,0:49.44,0.999,auto_accept,8.63
5_3,0:41.18,133_0,0:41.63,0.999,auto_accept,0.45
130_1,0:41.39,145_2,0:49.44,0.999,auto_accept,8.05
5_4,0:41.51,138_5,0:46.76,0.928,auto_accept,5.25
120_1,0:42.13,120_11,0:49.57,0.93,auto_accept,7.45
130_2,0:42.18,145_0,0:47.22,0.999,auto_accept,5.05
133_0,0:42.53,133_7,0:47.02,0.999,auto_accept,4.5
4_2,0:42.56,4_10,0:46.94,0.999,auto_accept,4.38
130_3,0:42.69,130_4,0:42.84,0.999,auto_accept,0.15
4_3,0:42.86,4_10,0:46.94,0.999,auto_accept,4.08
130_4,0:42.96,130_6,0:43.41,0.999,auto_accept,0.45
138_0,0:42.99,138_1,0:43.76,0.999,auto_accept,0.77
130_5,0:43.24,145_3,0:49.86,0.999,auto_accept,6.61
133_1,0:43.73,133_2,0:43.93,0.999,auto_accept,0.2
4_4,0:43.88,4_12,0:47.91,0.999,auto_accept,4.03
120_2,0:43.89,120_5,0:45.58,0.959,auto_accept,1.68
138_1,0:44.11,138_2,0:44.41,0.999,auto_accept,0.3
130_6,0:44.24,145_0,0:47.22,0.999,auto_accept,2.98
133_2,0:44.38,133_3,0:45.28,0.999,auto_accept,0.9
4_5,0:44.39,4_9,0:46.41,0.999,auto_accept,2.02
120_3,0:44.78,120_16,0:53.09,0.999,auto_accept,8.31
4_6,0:44.91,4_10,0:46.94,0.999,auto_accept,2.03
138_2,0:45.19,138_6,0:47.12,0.999,auto_accept,1.93
133_3,0:45.29,133_6,0:46.41,0.999,auto_accept,1.12
4_7,0:45.29,4_9,0:46.41,0.999,auto_accept,1.12
120_4,0:45.36,120_16,0:53.09,0.93,auto_accept,7.73
138_3,0:45.41,138_4,0:45.86,0.999,auto_accept,0.45
133_4,0:45.84,133_7,0:47.02,0.999,auto_accept,1.18
4_8,0:45.98,4_9,0:46.41,0.999,auto_accept,0.43
133_5,0:45.98,133_6,0:46.41,0.999,auto_accept,0.43
120_5,0:46.42,120_11,0:49.57,0.997,auto_accept,3.15
138_4,0:46.51,138_5,0:46.76,0.999,auto_accept,0.25
133_6,0:46.74,133_7,0:47.02,0.999,auto_accept,0.28
4_9,0:46.77,4_11,0:47.26,0.999,auto_accept,0.48
120_6,0:46.79,120_16,0:53.09,0.995,auto_accept,6.3
120_7,0:46.97,120_15,0:52.22,0.893,review,5.25
138_5,0:47.01,154_1,0:55.39,0.999,auto_accept,8.38
133_7,0:47.11,138_10,0:56.39,0.999,auto_accept,9.28
4_10,0:47.12,4_12,0:47.91,0.999,auto_accept,0.78
145_0,0:47.22,145_1,0:48.17,0.999,auto_accept,0.95
4_11,0:47.26,4_19,0:53.19,0.999,auto_accept,5.93
120_8,0:47.31,149_6,0:53.44,0.927,auto_accept,6.13
120_9,0:47.96,120_15,0:52.22,0.985,auto_accept,4.26
4_12,0:47.97,4_20,0:54.97,0.999,auto_accept,7.0
145_1,0:48.37,145_2,0:49.44,0.999,auto_accept,1.07
149_0,0:48.67,120_11,0:49.57,0.923,auto_accept,0.9
120_10,0:49.04,120_11,0:49.57,0.998,auto_accept,0.53
4_13,0:49.06,4_20,0:54.97,0.999,auto_accept,5.91
145_2,0:49.59,145_3,0:49.86,0.999,auto_accept,0.27
120_11,0:49.64,149_2,0:50.41,0.99,auto_accept,0.77
149_1,0:49.84,149_3,0:50.56,0.941,auto_accept,0.72
145_3,0:49.89,159_0,0:55.27,0.999,auto_accept,5.38
4_14,0:50.02,4_20,0:54.97,0.999,auto_accept,4.95
4_15,0:50.29,4_21,0:55.14,0.999,auto_accept,4.85
149_2,0:50.42,149_8,0:54.37,0.988,auto_accept,3.95
4_16,0:50.52,4_17,0:51.17,0.999,auto_accept,0.65
149_3,0:50.56,120_13,0:51.19,0.95,auto_accept,0.63
120_12,0:50.82,120_16,0:53.09,0.988,auto_accept,2.27
120_13,0:51.22,149_8,0:54.37,0.98,auto_accept,3.15
120_14,0:51.42,163_3,1:01.40,0.875,review,9.98
149_4,0:52.02,163_0,0:56.74,0.999,auto_accept,4.71
4_17,0:52.21,4_24,0:58.37,0.999,auto_accept,6.16
120_15,0:52.39,149_9,0:58.35,0.996,auto_accept,5.96
149_5,0:52.89,163_0,0:56.74,0.999,auto_accept,3.85
4_18,0:53.02,4_22,0:55.90,0.999,auto_accept,2.88
120_16,0:53.29,149_11,0:59.40,0.987,auto_accept,6.11
149_6,0:53.44,163_0,0:56.74,0.986,auto_accept,3.3
11_7,0:53.80,160_3,0:57.25,0.975,auto_accept,3.45
149_7,0:54.24,149_11,0:59.40,0.989,auto_accept,5.16
138_6,0:54.35,138_18,1:01.52,0.948,auto_accept,7.16
138_7,0:54.79,138_17,1:00.88,0.938,auto_accept,6.1
4_19,0:54.80,4_25,0:59.02,0.999,auto_accept,4.21
4_20,0:55.02,4_26,1:00.88,0.999,auto_accept,5.86
154_0,0:55.17,154_2,0:55.79,0.999,auto_accept,0.62
154_1,0:55.39,154_10,0:59.63,0.999,auto_accept,4.25
4_21,0:55.77,4_30,1:03.95,0.999,auto_accept,8.18
138_8,0:55.77,138_18,1:01.52,0.999,auto_accept,5.75
154_2,0:55.89,154_11,1:00.22,0.999,auto_accept,4.33
160_0,0:56.25,160_3,0:57.25,0.998,auto_accept,1.0
138_9,0:56.27,138_18,1:01.52,0.999,auto_accept,5.25
138_10,0:56.39,138_13,0:57.37,0.999,auto_accept,0.98
160_1,0:56.44,160_3,0:57.25,0.976,auto_accept,0.82
149_8,0:56.49,163_5,1:02.22,0.909,auto_accept,5.73
154_3,0:56.49,154_14,1:01.40,0.999,auto_accept,4.91
138_11,0:56.52,138_19,1:03.75,0.999,auto_accept,7.23
154_4,0:56.77,154_18,1:05.08,0.999,auto_accept,8.31
160_2,0:56.85,160_3,0:57.25,0.999,auto_accept,0.4
138_12,0:57.25,138_16,0:59.02,0.999,auto_accept,1.77
154_5,0:57.35,154_6,0:57.65,0.999,auto_accept,0.3
138_13,0:57.74,138_15,0:58.37,0.999,auto_accept,0.63
4_22,0:57.74,4_29,1:03.75,0.999,auto_accept,6.01
163_0,0:57.84,163_10,1:07.45,0.869,review,9.61
154_6,0:57.89,154_18,1:05.08,0.999,auto_accept,7.2
4_23,0:58.22,4_25,0:59.02,0.999,auto_accept,0.8
138_14,0:58.22,138_16,0:59.02,0.999,auto_accept,0.8
154_7,0:58.35,154_9,0:59.33,0.999,auto_accept,0.98
149_9,0:58.63,163_5,1:02.22,0.988,auto_accept,3.58
138_15,0:58.85,138_19,1:03.75,0.999,auto_accept,4.9
4_24,0:58.85,4_27,1:01.52,0.999,auto_accept,2.67
149_10,0:58.92,163_2,1:00.73,0.974,auto_accept,1.82
154_8,0:59.00,154_16,1:02.12,0.999,auto_accept,3.11
154_9,0:59.35,154_13,1:00.65,0.999,auto_accept,1.3
154_10,0:59.70,154_11,1:00.22,0.999,auto_accept,0.52
149_11,0:59.70,163_4,1:01.65,0.967,auto_accept,1.95
154_11,1:00.23,154_15,1:01.82,0.999,auto_accept,1.58
163_1,1:00.32,163_2,1:00.73,0.996,auto_accept,0.42
154_12,1:00.40,154_14,1:01.40,0.999,auto_accept,1.0
4_25,1:00.63,4_30,1:03.95,0.999,auto_accept,3.31
138_16,1:00.63,138_19,1:03.75,0.999,auto_accept,3.11
154_13,1:01.13,154_17,1:03.50,0.999,auto_accept,2.37
163_2,1:01.22,163_11,1:08.96,0.991,auto_accept,7.75
4_26,1:01.37,4_29,1:03.75,0.999,auto_accept,2.38
138_17,1:01.38,138_18,1:01.52,0.999,auto_accept,0.13
163_3,1:01.48,163_7,1:03.05,0.96,auto_accept,1.57
154_14,1:01.70,154_18,1:05.08,0.999,auto_accept,3.38
154_15,1:01.82,154_16,1:02.12,0.999,auto_accept,0.3
163_4,1:01.87,163_7,1:03.05,0.97,auto_accept,1.18
4_27,1:02.10,4_28,1:02.25,0.999,auto_accept,0.15
154_16,1:02.20,154_18,1:05.08,0.999,auto_accept,2.88
163_5,1:02.55,163_7,1:03.05,0.997,auto_accept,0.5
163_6,1:02.92,163_10,1:07.45,0.931,auto_accept,4.53
4_28,1:03.48,4_29,1:03.75,0.999,auto_accept,0.27
138_18,1:03.52,138_19,1:03.75,0.999,auto_accept,0.23
4_29,1:03.82,4_31,1:07.55,0.999,auto_accept,3.73
154_17,1:03.90,154_18,1:05.08,0.999,auto_accept,1.18
154_18,1:05.26,138_20,1:07.68,0.97,auto_accept,2.42
163_7,1:05.43,163_9,1:06.95,0.993,auto_accept,1.52
163_8,1:06.16,163_14,1:11.04,0.938,auto_accept,4.88
163_9,1:07.05,163_22,1:16.08,0.999,auto_accept,9.03
4_30,1:07.41,4_31,1:07.55,0.999,auto_accept,0.13
138_19,1:07.51,189_0,1:07.63,0.806,review,0.12
138_20,1:07.68,138_21,1:08.05,0.876,review,0.37
189_0,1:08.03,138_21,1:08.05,0.791,review,0.02
163_10,1:08.66,163_25,1:17.12,0.938,auto_accept,8.46
163_11,1:10.06,225_0,1:15.86,0.927,auto_accept,5.8
163_12,1:10.21,163_22,1:16.08,0.928,auto_accept,5.86
163_13,1:10.36,163_26,1:17.89,0.866,review,7.53
163_14,1:11.04,163_16,1:12.28,0.985,auto_accept,1.23
163_15,1:11.89,163_26,1:17.89,0.996,auto_accept,6.0
4_31,1:12.28,4_37,1:22.16,0.999,auto_accept,9.88
163_16,1:12.93,163_18,1:13.39,0.956,auto_accept,0.47
163_17,1:13.23,163_20,1:14.78,0.945,auto_accept,1.55
163_18,1:13.59,225_1,1:16.76,0.936,auto_accept,3.16
163_19,1:14.63,163_23,1:16.28,0.994,auto_accept,1.65
163_20,1:14.88,163_22,1:16.08,0.982,auto_accept,1.2
163_21,1:15.29,163_27,1:18.44,0.985,auto_accept,3.15
225_0,1:16.01,225_7,1:22.01,0.999,auto_accept,6.0
163_22,1:16.14,163_28,1:18.79,0.992,auto_accept,2.65
225_1,1:16.76,163_31,1:21.67,0.967,auto_accept,4.91
163_23,1:16.81,163_31,1:21.67,0.997,auto_accept,4.86
163_24,1:16.99,163_36,1:24.94,0.923,auto_accept,7.95
163_25,1:17.12,163_27,1:18.44,0.974,auto_accept,1.32
225_2,1:17.84,225_5,1:21.06,0.999,auto_accept,3.21
163_26,1:17.89,225_7,1:22.01,0.986,auto_accept,4.11
163_27,1:18.46,163_29,1:20.22,0.983,auto_accept,1.77
4_32,1:18.89,4_40,1:26.20,0.999,auto_accept,7.31
225_3,1:19.19,225_4,1:19.72,0.999,auto_accept,0.53
225_4,1:19.76,225_7,1:22.01,0.997,auto_accept,2.25
163_28,1:20.11,163_29,1:20.22,0.95,auto_accept,0.12
4_33,1:20.46,4_34,1:20.61,0.999,auto_accept,0.15
163_29,1:20.99,163_32,1:22.17,0.945,auto_accept,1.18
225_5,1:21.16,163_39,1:26.57,0.932,auto_accept,5.41
163_30,1:21.56,163_42,1:27.44,0.992,auto_accept,5.88
4_34,1:21.59,4_39,1:23.89,0.999,auto_accept,2.3
4_35,1:21.74,4_39,1:23.89,0.999,auto_accept,2.15
163_31,1:21.77,163_37,1:25.30,0.989,auto_accept,3.53
225_6,1:21.84,225_7,1:22.01,0.982,auto_accept,0.17
4_36,1:21.87,4_37,1:22.16,0.999,auto_accept,0.28
225_7,1:22.01,163_42,1:27.44,0.971,auto_accept,5.43
163_32,1:22.22,163_43,1:28.10,0.986,auto_accept,5.88
225_8,1:22.46,163_48,1:31.88,0.927,auto_accept,9.43
163_33,1:22.69,163_41,1:27.27,0.989,auto_accept,4.58
163_34,1:23.15,163_37,1:25.30,0.996,auto_accept,2.15
4_37,1:23.42,4_39,1:23.89,0.999,auto_accept,0.47
4_38,1:23.65,4_40,1:26.20,0.999,auto_accept,2.55
225_9,1:24.00,163_50,1:33.02,0.902,auto_accept,9.01
163_35,1:24.70,163_38,1:26.42,0.955,auto_accept,1.72
163_36,1:25.14,163_43,1:28.10,0.989,auto_accept,2.97
163_37,1:25.85,163_41,1:27.27,0.998,auto_accept,1.42
4_39,1:26.09,4_41,1:29.53,0.999,auto_accept,3.45
163_38,1:26.45,163_42,1:27.44,0.969,auto_accept,0.98
163_39,1:26.62,163_51,1:34.00,0.982,auto_accept,7.38
163_40,1:27.10,163_49,1:32.47,0.991,auto_accept,5.36
163_41,1:27.27,163_51,1:34.00,0.994,auto_accept,6.73
163_42,1:27.90,163_46,1:30.48,0.956,auto_accept,2.58
163_43,1:28.29,163_49,1:32.47,0.983,auto_accept,4.18
163_44,1:28.70,163_49,1:32.47,0.987,auto_accept,3.76
4_40,1:29.37,4_44,1:35.10,0.999,auto_accept,5.73
163_45,1:30.33,163_49,1:32.47,0.971,auto_accept,2.13
163_46,1:31.42,163_51,1:34.00,0.989,auto_accept,2.58
163_47,1:31.72,163_48,1:31.88,0.929,auto_accept,0.17
163_48,1:32.07,163_50,1:33.02,0.941,auto_accept,0.95
4_41,1:32.82,4_42,1:33.63,0.999,auto_accept,0.82
163_49,1:32.87,163_59,1:37.36,0.998,auto_accept,4.5
163_50,1:33.88,247_0,1:42.69,0.942,auto_accept,8.81
163_51,1:34.28,163_57,1:36.56,0.987,auto_accept,2.28
4_42,1:34.48,4_44,1:35.10,0.999,auto_accept,0.62
163_52,1:34.53,163_54,1:34.85,0.902,auto_accept,0.32
163_53,1:34.70,163_54,1:34.85,0.932,auto_accept,0.15
163_54,1:34.87,163_59,1:37.36,0.997,auto_accept,2.5
4_43,1:34.98,4_44,1:35.10,0.998,auto_accept,0.12
163_55,1:35.45,163_58,1:36.91,0.972,auto_accept,1.47
4_44,1:35.53,4_46,1:37.13,0.975,auto_accept,1.6
163_56,1:35.95,247_1,1:43.08,0.92,auto_accept,7.13
163_57,1:36.73,247_1,1:43.08,0.991,auto_accept,6.35
4_45,1:36.86,4_46,1:37.13,0.996,auto_accept,0.27
163_58,1:37.11,163_59,1:37.36,0.961,auto_accept,0.25
4_46,1:37.31,263_0,1:46.38,0.375,low_confidence,9.06
163_59,1:37.93,163_69,1:45.24,0.93,auto_accept,7.31
138_21,1:38.46,138_23,1:39.10,0.961,auto_accept,0.63
238_0,1:38.66,238_1,1:39.05,0.991,auto_accept,0.38
138_22,1:38.95,138_26,1:40.73,0.989,auto_accept,1.78
163_60,1:39.01,163_61,1:39.66,0.999,auto_accept,0.65
238_1,1:39.05,238_4,1:40.43,0.922,auto_accept,1.38
138_23,1:39.23,252_0,1:44.79,0.915,auto_accept,5.56
238_2,1:39.35,238_4,1:40.43,0.942,auto_accept,1.08
138_24,1:39.55,138_26,1:40.73,0.977,auto_accept,1.18
238_3,1:39.65,238_4,1:40.43,0.988,auto_accept,0.78
163_61,1:40.11,163_63,1:41.41,0.971,auto_accept,1.3
138_25,1:40.41,138_26,1:40.73,0.956,auto_accept,0.32
163_62,1:40.48,163_64,1:42.03,0.946,auto_accept,1.55
238_4,1:40.71,138_26,1:40.73,0.833,review,0.02
163_63,1:41.86,247_8,1:49.87,0.938,auto_accept,8.01
163_64,1:42.23,163_67,1:43.88,0.926,auto_accept,1.65
163_65,1:42.36,247_7,1:48.26,0.973,auto_accept,5.9
163_66,1:42.54,247_2,1:43.44,0.968,auto_accept,0.9
247_0,1:42.89,247_1,1:43.08,0.947,auto_accept,0.18
240_0,1:43.18,271_1,1:50.54,0.999,auto_accept,7.36
247_1,1:43.26,247_3,1:45.61,0.997,auto_accept,2.35
247_2,1:43.86,163_68,1:45.09,0.974,auto_accept,1.23
160_3,1:44.06,249_0,1:44.24,0.785,review,0.18
163_67,1:44.56,247_8,1:49.87,0.944,auto_accept,5.31
138_26,1:44.56,252_0,1:44.79,0.875,review,0.23
163_68,1:45.09,247_7,1:48.26,0.998,auto_accept,3.16
240_1,1:45.14,271_1,1:50.54,0.999,auto_accept,5.4
240_2,1:45.34,271_0,1:48.29,0.903,auto_accept,2.95
163_69,1:45.49,247_6,1:46.73,0.995,auto_accept,1.23
247_3,1:45.61,247_16,1:54.64,0.997,auto_accept,9.03
249_0,1:45.63,281_0,1:53.27,0.849,review,7.65
247_4,1:45.73,247_8,1:49.87,0.921,auto_accept,4.15
247_5,1:46.21,247_6,1:46.73,0.988,auto_accept,0.52
247_6,1:46.81,247_8,1:49.87,0.999,auto_accept,3.07
163_70,1:48.17,163_72,1:48.52,0.99,auto_accept,0.35
247_7,1:48.32,247_8,1:49.87,0.998,auto_accept,1.55
270_0,1:48.34,270_4,1:51.22,0.985,auto_accept,2.88
163_71,1:48.36,163_74,1:50.27,0.998,auto_accept,1.92
270_1,1:48.47,270_2,1:49.14,0.925,auto_accept,0.67
163_72,1:48.86,163_74,1:50.27,0.996,auto_accept,1.42
252_0,1:49.19,272_1,1:49.84,0.273,low_confidence,0.65
271_0,1:49.32,271_7,1:59.20,0.894,review,9.88
272_0,1:49.57,247_14,1:52.54,0.884,review,2.97
272_1,1:49.86,247_15,1:54.30,0.933,auto_accept,4.45
247_8,1:49.89,247_16,1:54.64,0.986,auto_accept,4.75
273_0,1:49.99,271_7,1:59.20,0.27,low_confidence,9.21
270_2,1:50.11,270_3,1:50.27,0.975,auto_accept,0.17
163_73,1:50.14,247_13,1:52.41,0.976,auto_accept,2.27
163_74,1:50.34,247_20,1:57.62,0.999,auto_accept,7.28
247_9,1:50.59,247_13,1:52.41,0.991,auto_accept,1.82
247_10,1:50.92,247_12,1:52.01,0.948,auto_accept,1.08
270_3,1:50.97,270_4,1:51.22,0.901,auto_accept,0.25
247_11,1:51.12,247_12,1:52.01,0.994,auto_accept,0.88
270_4,1:51.42,282_0,1:53.72,0.063,low_confidence,2.3
271_1,1:51.44,271_3,1:54.62,0.999,auto_accept,3.18
247_12,1:52.07,247_16,1:54.64,0.939,auto_accept,2.57
247_13,1:52.42,247_16,1:54.64,0.922,auto_accept,2.22
281_0,1:53.61,282_0,1:53.72,0.692,low_confidence,0.12
247_14,1:54.12,247_18,1:56.29,0.987,auto_accept,2.17
271_2,1:54.35,271_3,1:54.62,0.999,auto_accept,0.27
247_15,1:54.44,247_23,2:01.80,0.918,auto_accept,7.36
263_0,1:55.55,282_1,1:56.69,0.51,low_confidence,1.13
247_16,1:55.87,247_18,1:56.29,0.972,auto_accept,0.42
271_3,1:56.14,271_5,1:56.74,0.999,auto_accept,0.6
247_17,1:56.14,247_18,1:56.29,0.983,auto_accept,0.15
271_4,1:56.39,271_5,1:56.74,0.998,auto_accept,0.35
282_0,1:56.47,282_1,1:56.69,0.89,review,0.22
247_18,1:56.52,247_19,1:56.72,0.993,auto_accept,0.2
271_5,1:57.04,271_9,2:02.65,0.999,auto_accept,5.61
247_19,1:57.39,247_21,1:57.95,0.998,auto_accept,0.57
271_6,1:57.47,271_9,2:02.65,0.999,auto_accept,5.18
247_20,1:57.77,247_21,1:57.95,0.999,auto_accept,0.18
247_21,2:00.05,282_3,2:02.45,0.947,auto_accept,2.4
271_7,2:00.52,302_0,2:02.15,0.832,review,1.63
294_0,2:00.65,296_0,2:00.98,0.89,review,0.33
282_1,2:00.72,282_3,2:02.45,0.785,review,1.73
247_22,2:00.93,282_3,2:02.45,0.811,review,1.52
296_0,2:01.02,271_9,2:02.65,0.875,review,1.63
282_2,2:01.78,282_3,2:02.45,0.985,auto_accept,0.67
298_0,2:01.90,302_0,2:02.15,0.753,review,0.25
302_0,2:02.22,271_8,2:02.42,0.718,review,0.2
247_23,2:02.30,282_3,2:02.45,0.835,review,0.15
271_8,2:02.53,271_9,2:02.65,0.982,auto_accept,0.12
